Model,MeanKldRes,MSEnorm,MSEdenorm,MAPEnorm,MAPEdenorm
Wavenet_ART_Mimic,0.07474751660900646,0.0005753907937323256,21.31289275543182,3.33472135582274,2.319897320306827
