Model,MSEnorm,MSEdenorm,MAPEnorm,MAPEdenorm,R2denorm,MeanKld_GTTG_fft,MeanKld_GTTG_welch_evo,MeanKld_GTTG_matching_pursuit
Wavenet_II_Mimic,0.0031970585576685186,0.2228120923817532,4.304845427940206,116.94508593975587,0.0682660536100339,0.10563969612121582,0.1210586354136467,0.1348278969526291
