Model,MSEnorm,MSEdenorm,MAPEnorm,MAPEdenorm,R2denorm,MeanKld_GTTG_fft,MeanKld_GTTG_welch_evo,MeanKld_GTTG_matching_pursuit
VDWave_II_VitalDB,0.00015075361415767835,0.0014153703106824192,2.584552359693445,231.16317925170574,0.8923703950901005,0.011137593537569046,0.010763794183731079,0.01014392077922821
