Model,MSEnorm,MSEdenorm,MAPEnorm,MAPEdenorm,R2denorm,MeanKld_GTTG_fft,MeanKld_GTTG_welch_evo,MeanKld_GTTG_matching_pursuit
ConVAE_ART_30_VitalDB,0.0004393642369729742,14.035233725699639,5.210154111015161,3.1419047669165248,0.9774215456114433,0.047766637093590684,0.03047739380025858,0.050448331981897354
