Model,MeanKldRes,MSEnorm,MSEdenorm,MAPEnorm,MAPEdenorm
FACVAE_ART_30_Mimic,0.08848149819485604,0.0002327143078406617,8.619906921850898,2.9836932969966488,2.0240394177472845
