Model,MeanKldRes,MSEnorm,MSEdenorm,MAPEnorm,MAPEdenorm
VDVAE_II_30_VitalDB,0.08214317148268727,0.00017191202838894512,0.0016140188902961288,2.255350687584082,276.66204515890297
