Model,MeanKldRes,MSEnorm,MSEdenorm,MAPEnorm,MAPEdenorm
TCVAE_II_30_Mimic,0.33988929096529574,0.00312991060763415,0.21813236100479189,7.80704220490092,420.53024211710647
