Model,MSEnorm,MSEdenorm,MAPEnorm,MAPEdenorm,R2denorm,MeanKld_GTTG_fft,MeanKld_GTTG_welch_evo,MeanKld_GTTG_matching_pursuit
DiffWave_ART_VitalDB,0.000707257783047484,22.592936461513148,12.659887564286388,6.979084581208593,0.9636547851379365,0.0213814415037632,0.10126536339521408,0.012806354090571404
