Model,MSEnorm,MSEdenorm,MAPEnorm,MAPEdenorm,R2denorm,MeanKld_GTTG_fft,MeanKld_GTTG_welch_evo,MeanKld_GTTG_matching_pursuit
TCVAE_ART_30_Mimic,0.0002841023765694927,10.523358297257914,3.332583775480855,2.2698248332601003,0.9835878630917205,0.08895421248930206,0.05039328532849621,0.08307172358036041
