Model,MSEnorm,MSEdenorm,MAPEnorm,MAPEdenorm,R2denorm,MeanKld_GTTG_fft,MeanKld_GTTG_welch_evo,MeanKld_GTTG_matching_pursuit
TCVAE_II_30_VitalDB,0.00023956125542685022,0.0022491526350162947,2.607939144230021,275.7356456624516,0.8289667321252863,0.09733515540725896,0.04213477311648543,0.16069012880325317
