Model,MSEnorm,MSEdenorm,MAPEnorm,MAPEdenorm,R2denorm,MeanKld_GTTG_fft,MeanKld_GTTG_welch_evo,MeanKld_GTTG_matching_pursuit
VDWave_ART_Mimic,0.0006768769748513593,25.072014586905716,5.240318626908789,3.5805390202699114,0.9608979068902463,0.05021476000547409,0.0930396020412445,0.027702681720256805
