Model,MeanKldRes,MSEnorm,MSEdenorm,MAPEnorm,MAPEdenorm
FACVAE_ART_30_VitalDB,0.05584939905311126,0.0004593524470598564,14.673745413088193,5.566619232481365,3.3208104887486387
