Model,MeanKldRes,MSEnorm,MSEdenorm,MAPEnorm,MAPEdenorm
ConVAE_ART_30_VitalDB,0.054025245031179184,0.0004205246561517162,15.57653858074381,5.16789530674418,2.884045113288333
