Model,MeanKldRes,MSEnorm,MSEdenorm,MAPEnorm,MAPEdenorm
VDWave_ART_VitalDB,0.02079101021274351,0.0006987343979391796,22.320661906457488,12.590146152830462,6.939000193767619
