Model,MSEnorm,MSEdenorm,MAPEnorm,MAPEdenorm,R2denorm,MeanKld_GTTG_fft,MeanKld_GTTG_welch_evo,MeanKld_GTTG_matching_pursuit
FACVAE_II_30_Mimic,0.0018527650881136593,0.1291244619164931,5.941295415461021,289.87526445117317,0.46003987848736916,0.23745664332174837,0.14305915862388666,0.590438961982727
