Model,MSEnorm,MSEdenorm,MAPEnorm,MAPEdenorm,R2denorm,MeanKld_GTTG_fft,MeanKld_GTTG_welch_evo,MeanKld_GTTG_matching_pursuit
TCVAE_ART_30_VitalDB,0.0006410994392917156,20.479546842197095,6.511803402056586,3.96800445809071,0.967054591087559,0.0408541402172472,0.024042120993545336,0.04192746430635452
