Model,MSEnorm,MSEdenorm,MAPEnorm,MAPEdenorm,R2denorm,MeanKld_GTTG_fft,MeanKld_GTTG_welch_evo,MeanKld_GTTG_matching_pursuit
ConVAE_II_30_VitalDB,0.00018126428749048868,0.0017018238158635402,2.301903856511262,327.242339046058,0.8705874896871783,0.10946725006434144,0.04647226910424812,0.220338836312294
