Model,MeanKldRes,MSEnorm,MSEdenorm,MAPEnorm,MAPEdenorm
Wavenet_II_Mimic,0.21619569322336432,0.0031970585576685186,0.2228120923817532,4.304845427940206,116.94508593975587
