Model,MeanKldRes,MSEnorm,MSEdenorm,MAPEnorm,MAPEdenorm
DiffWave_ART_VitalDB,0.020940481249436343,0.0007073372061014929,22.59547358454777,12.66035421428012,6.979105481893972
