Model,MeanKldRes,MSEnorm,MSEdenorm,MAPEnorm,MAPEdenorm
TCVAE_ART_30_VitalDB,0.053990611801588345,0.0006410994392917156,20.479546842197095,6.511803402056586,3.96800445809071
