Model,MeanKldRes,MSEnorm,MSEdenorm,MAPEnorm,MAPEdenorm
ConVAE_II_30_VitalDB,0.11767318864698334,0.00018126428749048868,0.0017018238158635402,2.301903856511262,327.242339046058
