Model,MSEnorm,MSEdenorm,MAPEnorm,MAPEdenorm,R2denorm,MeanKld_GTTG_fft,MeanKld_GTTG_welch_evo,MeanKld_GTTG_matching_pursuit
VDWave_ART_VitalDB,0.0006990007038761035,22.32916889394699,12.591867242767718,6.93978741037731,0.9640791075332642,0.022295426577329636,0.10092803835868835,0.012700311839580536
