Model,MSEnorm,MSEdenorm,MAPEnorm,MAPEdenorm,R2denorm,MeanKld_GTTG_fft,MeanKld_GTTG_welch_evo,MeanKld_GTTG_matching_pursuit
ConVAE_II_30_Mimic,0.0019714021457234686,0.1373926154592714,6.0788396246493,292.2689289755134,0.425464917822434,0.20539907126126145,0.14614080349586575,0.5125277638435364
