Model,MeanKldRes,MSEnorm,MSEdenorm,MAPEnorm,MAPEdenorm
DiffWave_ART_Mimic,0.04385714529417194,0.0006821278149240888,25.266509515509124,5.254345217316311,3.5894881718101908
