Model,MSEnorm,MSEdenorm,MAPEnorm,MAPEdenorm,R2denorm,MeanKld_GTTG_fft,MeanKld_GTTG_welch_evo,MeanKld_GTTG_matching_pursuit
DiffWave_II_Mimic,0.0004129334797814917,0.02877850717619916,3.14859118669149,218.6529969969948,0.8796568365035116,0.006864333525300026,0.011178110726177692,0.004569293465465307
