Model,MeanKldRes,MSEnorm,MSEdenorm,MAPEnorm,MAPEdenorm
Wavenet_II_VitalDB,0.05785923658705308,0.0004278855002053404,0.0040172597966951565,2.0995668763210436,225.71441983312695
