Model,MeanKldRes,MSEnorm,MSEdenorm,MAPEnorm,MAPEdenorm
DiffWave_II_Mimic,0.0036016934085265806,0.0004128788550335412,0.028774700222348567,3.1482581934010843,219.9273425904895
