Model,MeanKldRes,MSEnorm,MSEdenorm,MAPEnorm,MAPEdenorm
VDVAE_ART_30_Mimic,0.08900740935465884,0.00022013457493236946,8.153944481563508,2.8846336619548265,1.9561230206642288
