Model,MeanKldRes,MSEnorm,MSEdenorm,MAPEnorm,MAPEdenorm
VDVAE_II_30_Mimic,0.20708897934279397,0.0017790433152143619,0.12398658215061135,5.790203432728918,277.26788284070267
