Model,MSEnorm,MSEdenorm,MAPEnorm,MAPEdenorm,R2denorm,MeanKld_GTTG_fft,MeanKld_GTTG_welch_evo,MeanKld_GTTG_matching_pursuit
Wavenet_ART_VitalDB,0.0006532048918129259,20.866248446909218,5.2544403539772375,3.3613063086812507,0.9664325049353357,0.05014662817120552,0.13385999202728271,0.019852861762046814
