Model,MSEnorm,MSEdenorm,MAPEnorm,MAPEdenorm,R2denorm,MeanKld_GTTG_fft,MeanKld_GTTG_welch_evo,MeanKld_GTTG_matching_pursuit
FACVAE_II_30_VitalDB,0.00019491850652330144,0.0018300182630917475,2.3765329447808803,270.1591968032473,0.8608391449588206,0.07044394798980086,0.028739992097458422,0.13233235478401184
