Model,MSEnorm,MSEdenorm,MAPEnorm,MAPEdenorm,R2denorm,MeanKld_GTTG_fft,MeanKld_GTTG_welch_evo,MeanKld_GTTG_matching_pursuit
ConVAE_ART_30_Mimic,0.0003034445098818974,11.239804958273393,3.4617259655745904,2.3529931351829436,0.9824704991898252,0.08514755016856546,0.05325656894914434,0.07700119912624359
