Model,MSEnorm,MSEdenorm,MAPEnorm,MAPEdenorm,R2denorm,MeanKld_GTTG_fft,MeanKld_GTTG_welch_evo,MeanKld_GTTG_matching_pursuit
VDVAE_ART_30_VitalDB,0.000490461832159397,15.667516535524141,5.635363185075857,3.398707512067863,0.974795695291376,0.04121476485586974,0.025153203330611378,0.04538779705762863
