Model,MSEnorm,MSEdenorm,MAPEnorm,MAPEdenorm,R2denorm,MeanKld_GTTG_fft,MeanKld_GTTG_welch_evo,MeanKld_GTTG_matching_pursuit
FACVAE_ART_30_VitalDB,0.0004593524470598564,14.673745413088193,5.566619232481365,3.3208104887486387,0.9763943730475931,0.04348014236489532,0.02138606389576106,0.04657258838415146
