Model,MSEnorm,MSEdenorm,MAPEnorm,MAPEdenorm,R2denorm,MeanKld_GTTG_fft,MeanKld_GTTG_welch_evo,MeanKld_GTTG_matching_pursuit
VDVAE_ART_30_Mimic,0.00022013457493236946,8.153944481563508,2.8846336619548265,1.9561230206642288,0.9872831800083438,0.08329782195615165,0.04723555584025431,0.07299365103244781
