Model,MSEnorm,MSEdenorm,MAPEnorm,MAPEdenorm,R2denorm,MeanKld_GTTG_fft,MeanKld_GTTG_welch_evo,MeanKld_GTTG_matching_pursuit
VDVAE_II_30_Mimic,0.0017790433152143619,0.12398658215061135,5.790203432728918,277.26788284070267,0.48152496459364813,0.19737987985604832,0.07032586648605146,0.47579771280288696
