Model,MSEnorm,MSEdenorm,MAPEnorm,MAPEdenorm,R2denorm,MeanKld_GTTG_fft,MeanKld_GTTG_welch_evo,MeanKld_GTTG_matching_pursuit
VDWave_II_Mimic,0.00040343390353144923,0.028116454723035613,3.1158267478877084,218.07760676612799,0.8824253430881828,0.006811839994043112,0.01049342006444931,0.004443792626261711
