Model,MeanKldRes,MSEnorm,MSEdenorm,MAPEnorm,MAPEdenorm
TCVAE_II_30_VitalDB,0.09512463763121247,0.00023956125542685022,0.0022491526350162947,2.607939144230021,275.7356456624516
