Model,MeanKldRes,MSEnorm,MSEdenorm,MAPEnorm,MAPEdenorm
FACVAE_II_30_VitalDB,0.08368089155826264,0.00019491850652330144,0.0018300182630917475,2.3765329447808803,270.1591968032473
