Model,MSEnorm,MSEdenorm,MAPEnorm,MAPEdenorm,R2denorm,MeanKld_GTTG_fft,MeanKld_GTTG_welch_evo,MeanKld_GTTG_matching_pursuit
Wavenet_ART_Mimic,0.0005753907937323256,21.31289275543182,3.33472135582274,2.319897320306827,0.9667606001874163,0.07070761919021606,0.17698357999324799,0.033938974142074585
