Model,MSEnorm,MSEdenorm,MAPEnorm,MAPEdenorm,R2denorm,MeanKld_GTTG_fft,MeanKld_GTTG_welch_evo,MeanKld_GTTG_matching_pursuit
Wavenet_II_VitalDB,0.0004278855002053404,0.0040172597966951565,2.0995668763210436,225.71441983312695,0.6945138092304246,0.07473912835121155,0.07682636380195618,0.14233124256134033
