Model,MSEnorm,MSEdenorm,MAPEnorm,MAPEdenorm,R2denorm,MeanKld_GTTG_fft,MeanKld_GTTG_welch_evo,MeanKld_GTTG_matching_pursuit
DiffWave_ART_Mimic,0.0006818838200497191,25.25747176821286,5.253561450817684,3.588922748044758,0.9606086695038285,0.0508936271071434,0.09970337897539139,0.027373187243938446
