Model,MeanKldRes,MSEnorm,MSEdenorm,MAPEnorm,MAPEdenorm
DiffWave_II_VitalDB,0.007343784098706559,0.00014998751264706792,0.001408177664992658,2.577863297376004,262.86339136545377
