Model,MeanKldRes,MSEnorm,MSEdenorm,MAPEnorm,MAPEdenorm
FACVAE_II_30_Mimic,0.2759824315422873,0.0018527650881136593,0.1291244619164931,5.941295415461021,289.87526445117317
