Model,MSEnorm,MSEdenorm,MAPEnorm,MAPEdenorm,R2denorm,MeanKld_GTTG_fft,MeanKld_GTTG_welch_evo,MeanKld_GTTG_matching_pursuit
DiffWave_II_VitalDB,0.00014994465492836021,0.0014077752896135875,2.5761060511395084,268.5301414334305,0.8929479464989093,0.011125370860099792,0.01198156364262104,0.010351636447012424
