Model,MeanKldRes,MSEnorm,MSEdenorm,MAPEnorm,MAPEdenorm
VDWave_ART_Mimic,0.04365743693494108,0.0006774585878545526,25.093557954817154,5.24262917465572,3.58185546761152
