Model,MeanKldRes,MSEnorm,MSEdenorm,MAPEnorm,MAPEdenorm
Wavenet_ART_VitalDB,0.05597306319114602,0.0006532048918129259,20.866248446909218,5.2544403539772375,3.3613063086812507
