Model,MeanKldRes,MSEnorm,MSEdenorm,MAPEnorm,MAPEdenorm
ConVAE_II_30_Mimic,0.24006619303257914,0.0019714021457234686,0.1373926154592714,6.0788396246493,292.2689289755134
