Model,MSEnorm,MSEdenorm,MAPEnorm,MAPEdenorm,R2denorm,MeanKld_GTTG_fft,MeanKld_GTTG_welch_evo,MeanKld_GTTG_matching_pursuit
VDVAE_II_30_VitalDB,0.00017191202838894512,0.0016140188902961288,2.255350687584082,276.66204515890297,0.8772644768873741,0.08135448669628295,0.023319759819935365,0.16260522603988647
