Model,MeanKldRes,MSEnorm,MSEdenorm,MAPEnorm,MAPEdenorm
ConVAE_ART_30_Mimic,0.09798529623273514,0.00030370441341113916,9.701659960125623,87.37634899687035,2.4896515473427954
