Model,MeanKldRes,MSEnorm,MSEdenorm,MAPEnorm,MAPEdenorm
VDWave_II_Mimic,0.0035581484563969863,0.00040331188134321065,0.02810795065012357,3.115287696085534,217.05419399356933
