Model,MeanKldRes,MSEnorm,MSEdenorm,MAPEnorm,MAPEdenorm
VDVAE_ART_30_VitalDB,0.05033146112207988,0.000490461832159397,15.667516535524141,5.635363185075857,3.398707512067863
