Model,MSEnorm,MSEdenorm,MAPEnorm,MAPEdenorm,R2denorm,MeanKld_GTTG_fft,MeanKld_GTTG_welch_evo,MeanKld_GTTG_matching_pursuit
TCVAE_II_30_Mimic,0.00312991060763415,0.21813236100479189,7.80704220490092,420.53024211710647,0.0878352993241781,0.280310234078386,0.9686199878580392,0.5797200798988342
