Model,MeanKldRes,MSEnorm,MSEdenorm,MAPEnorm,MAPEdenorm
TCVAE_ART_30_Mimic,0.10850201436271711,0.0002841023765694927,10.523358297257914,3.332583775480855,2.2698248332601003
