Model,MeanKldRes,MSEnorm,MSEdenorm,MAPEnorm,MAPEdenorm
VDWave_II_VitalDB,0.007735296487988399,0.0001506317326226094,0.0014142260097174241,2.583463170720239,230.77318081816333
