Model,MSEnorm,MSEdenorm,MAPEnorm,MAPEdenorm,R2denorm,MeanKld_GTTG_fft,MeanKld_GTTG_welch_evo,MeanKld_GTTG_matching_pursuit
FACVAE_ART_30_Mimic,0.0002327143078406617,8.619906921850898,2.9836932969966488,2.0240394177472845,0.9865564690907743,0.07795465597734752,0.0454290673135504,0.06878242641687393
