Model,MeanKldRes,MSEnorm,MSEdenorm,MAPEnorm,MAPEdenorm
SKZFC_ART_2_30_800_VitalDB,0.037370289872885674,0.0005544129318568601,17.710397033612118,6.136177421435019,3.657075344082736
