Model,MSEnorm,MSEdenorm,MAPEnorm,MAPEdenorm,R2denorm,MeanKld_GTTG_fft,MeanKld_GTTG_welch_evo,MeanKld_GTTG_matching_pursuit
SKZFC_II_1_30_500_Mimic,0.002311079432604945,0.16106569046225588,6.569943734143477,334.3911127723273,0.32599988764396937,0.23610068374350818,0.2512912507694305,0.5104940533638
