Model,MeanKldRes,MSEnorm,MSEdenorm,MAPEnorm,MAPEdenorm
SKZFC_ART_1_50_800_Mimic,0.08595679460859995,0.00036426812616584606,13.492755865688192,17.40872320203331,2.47131727569127
