Model,MeanKldRes,MSEnorm,MSEdenorm,MAPEnorm,MAPEdenorm
SKZFC_II_2_50_800_VitalDB,0.13565660839112625,0.00026098160565862734,0.002450260435528233,6.5560990303628035,279.34089464146814
