Model,MeanKldRes,MSEnorm,MSEdenorm,MAPEnorm,MAPEdenorm
SKZFC_II_2_30_800_VitalDB,0.1550880043796325,0.00027362871369332497,0.00256899948751263,5.400464719283647,336.3685590962042
