Model,MeanKldRes,MSEnorm,MSEdenorm,MAPEnorm,MAPEdenorm
SKZFC_II_2_30_500_Mimic,1.0119053291073117,0.0020677220441396456,0.14410542278418836,6.033392229154185,301.49848495762535
