Model,MSEnorm,MSEdenorm,MAPEnorm,MAPEdenorm,R2denorm,MeanKld_GTTG_fft,MeanKld_GTTG_welch_evo,MeanKld_GTTG_matching_pursuit
SKZFC_ART_2_30_500_VitalDB,0.001068644334824846,34.13721861443677,8.613643445011695,5.122791874109688,0.9448770463422687,0.04586826028415421,0.02362742486187687,0.04808204621076584
