Model,MeanKldRes,MSEnorm,MSEdenorm,MAPEnorm,MAPEdenorm
SKZFC_ART_2_30_800_Mimic,0.10787643640674166,0.00028713077506163577,10.635532376139311,14.14733513092992,2.1254007460975406
