Model,MeanKldRes,MSEnorm,MSEdenorm,MAPEnorm,MAPEdenorm
FC_II_1_50_800_VitalDB,0.17659437450470972,0.00025145471930777553,0.0023608159988586087,6.84080972664146,329.0982675052552
