Model,MeanKldRes,MSEnorm,MSEdenorm,MAPEnorm,MAPEdenorm
SKZFC_II_1_50_800_Mimic,0.22393238853200942,0.002080499006965233,0.14499588561747703,6.0883396965047325,295.39679821250326
