Model,MeanKldRes,MSEnorm,MSEdenorm,MAPEnorm,MAPEdenorm
FC_II_1_50_800_Mimic,0.21190154948090384,0.00216694006167022,0.15102020826252366,6.202054364627887,302.35274713405
