Model,MeanKldRes,MSEnorm,MSEdenorm,MAPEnorm,MAPEdenorm
SKZFC_ART_1_30_800_Mimic,0.08827764338088531,0.00036745903217103346,13.610949340839348,17.420432770452845,2.520737881696997
