Model,MeanKldRes,MSEnorm,MSEdenorm,MAPEnorm,MAPEdenorm
SKZFC_II_1_30_800_VitalDB,0.1473632981008941,0.00026965004941131805,0.0025316452699544567,6.006752373789142,328.9546694030801
