Model,MSEnorm,MSEdenorm,MAPEnorm,MAPEdenorm,R2denorm,MeanKld_GTTG_fft,MeanKld_GTTG_welch_evo,MeanKld_GTTG_matching_pursuit
SKZFC_ART_2_50_800_Mimic,0.0002866886081026418,10.61915419094815,14.576193410255556,2.149696354062581,0.9833792301034286,0.07122499970567403,0.04514068251828254,0.058589957654476166
