Model,MeanKldRes,MSEnorm,MSEdenorm,MAPEnorm,MAPEdenorm
SKZFC_II_1_30_800_Mimic,0.2226779794477603,0.0020739086841895416,0.14453658730290614,6.1650587979828595,309.4688433569284
