Model,MeanKldRes,MSEnorm,MSEdenorm,MAPEnorm,MAPEdenorm
FC_ART_1_50_800_Mimic,0.08785793818843418,0.0003609566287337485,13.37009559653022,17.53752900247358,2.450689016974458
