Model,MSEnorm,MSEdenorm,MAPEnorm,MAPEdenorm,R2denorm,MeanKld_GTTG_fft,MeanKld_GTTG_welch_evo,MeanKld_GTTG_matching_pursuit
SKZFC_ART_1_30_500_VitalDB,0.0010129519594872694,32.35815823849979,8.362353917374572,4.961207544758617,0.9477497778253078,0.04973911151298109,0.02577479548262383,0.055871717631816864
