Model,MeanKldRes,MSEnorm,MSEdenorm,MAPEnorm,MAPEdenorm
SKZFC_ART_1_50_800_VitalDB,0.04267748053977978,0.000662492147605996,21.162924404479547,6.9028518484276296,4.052772604651525
