Model,MeanKldRes,MSEnorm,MSEdenorm,MAPEnorm,MAPEdenorm
SKZFC_II_2_30_800_Mimic,0.2313787858610251,0.002148475374756291,0.14973335178108904,6.199160581275638,303.5094187045978
