Model,MeanKldRes,MSEnorm,MSEdenorm,MAPEnorm,MAPEdenorm
SKZ_II_1_50_800_VitalDB,0.455630535278178,0.00035180225302263536,0.0033029421346981386,6.609059126598312,326.3429004023239
