Model,MeanKldRes,MSEnorm,MSEdenorm,MAPEnorm,MAPEdenorm
SKZFC_II_1_30_500_VitalDB,0.18611604571469198,0.0002903789616216216,0.002726261412851835,7.687347407647378,349.431454609062
