Model,MeanKldRes,MSEnorm,MSEdenorm,MAPEnorm,MAPEdenorm
SKZFC_II_1_50_800_VitalDB,0.16984367346730994,0.00026394993541375186,0.0024781289933150114,6.915311976291813,361.9006831195553
