Model,MSEnorm,MSEdenorm,MAPEnorm,MAPEdenorm,R2denorm,MeanKld_GTTG_fft,MeanKld_GTTG_welch_evo,MeanKld_GTTG_matching_pursuit
SKZFC_II_2_30_500_VitalDB,0.0002698556793256872,0.0025335758536914428,7.066112929790166,272.1160269483753,0.8059006391678101,0.14767423968648508,0.07686794715794756,0.21604058146476746
