Model,MeanKldRes,MSEnorm,MSEdenorm,MAPEnorm,MAPEdenorm
FC_ART_1_50_800_VitalDB,0.04448304029357185,0.0006600602839356231,21.08523994104247,7.004235056968075,4.112693356244885
