Model,MSEnorm,MSEdenorm,MAPEnorm,MAPEdenorm,R2denorm,MeanKld_GTTG_fft,MeanKld_GTTG_welch_evo,MeanKld_GTTG_matching_pursuit
SKZ_ART_1_50_800_Mimic,0.0004916725792341452,18.211909307813336,15.119229094615417,2.9530222732740654,0.9714952859201901,2.3804799807817645,1.2192274315871718,1.959064245223999
