Model,MeanKldRes,MSEnorm,MSEdenorm,MAPEnorm,MAPEdenorm
SKZFC_II_2_50_800_Mimic,0.2942732424422846,0.0021046730510507947,0.14668064341808595,6.084434540651808,296.4867277741281
