Model,MeanKldRes,MSEnorm,MSEdenorm,MAPEnorm,MAPEdenorm
SKZFC_ART_2_30_500_Mimic,0.06572383507347429,0.0006714864238217733,24.872344663024794,17.993735870723015,3.1684782042486392
