Model,MeanKldRes,MSEnorm,MSEdenorm,MAPEnorm,MAPEdenorm
SKZ_II_1_50_800_Mimic,0.5499576183045642,0.002816539179173677,0.19629261599904038,7.488790617587989,387.1226396667352
