Model,MeanKldRes,MSEnorm,MSEdenorm,MAPEnorm,MAPEdenorm
SKZFC_ART_1_30_800_VitalDB,0.04065090713190548,0.0006156635657838521,19.667012731183156,6.629078922168984,3.9323087962967804
