Model,MeanKldRes,MSEnorm,MSEdenorm,MAPEnorm,MAPEdenorm
SKZFC_ART_1_30_500_Mimic,0.07746835372444882,0.0007053908151129351,26.12818793232629,18.254596902907817,3.2985759986756236
