Model,MeanKldRes,MSEnorm,MSEdenorm,MAPEnorm,MAPEdenorm
SKZ_ART_1_50_800_VitalDB,0.2433604527313512,0.0008467650213157541,27.04941364093026,7.998340005466861,4.830867541133128
