Model,MeanKldRes,MSEnorm,MSEdenorm,MAPEnorm,MAPEdenorm
SKZFC_ART_2_50_800_VitalDB,0.04263850109822778,0.0005432085369265403,17.35247918694013,5.891879320546544,3.5041205956980486
